no,name,school,grade,gender,kor,eng,math,sw
1,Harlene,디지털고,1,Female,70,73,52,javascript
2,Felic,디지털고,4,Male,99,52,83,Java
3,Nealson,단지고,2,Male,78,74,96,C
4,Isiahi,디지털고,4,Male,66,68,55,javascript
5,Serge,디지털고,3,Male,90,76,99,Java
6,Sterne,구로고,2,Male,71,57,89,Java
7,Clayborne,디지털고,1,Male,93,69,71,javascript
8,Greta,디지털고,1,Female,73,51,77,C
9,Leonidas,디지털고,4,Male,98,55,51,python
10,Amby,디지털고,3,Male,81,84,66,javascript
11,Benedict,디지털고,4,Male,62,85,56,python
12,Malachi,디지털고,1,Male,50,96,74,C
13,Marlin,디지털고,4,Male,65,91,89,C
14,Melissa,디지털고,2,Female,74,57,61,Java
15,Tyrus,단지고,4,Male,93,52,57,C
16,Had,단지고,4,Male,61,84,72,javascript
17,Christie,단지고,2,Male,74,51,87,javascript
18,Nevin,구로고,1,Male,66,91,61,""
19,Berkeley,단지고,2,Male,92,78,61,Java
20,Ingra,구로고,4,Male,68,73,67,javascript
21,Gilberta,구로고,2,Female,70,86,64,python
22,Merrie,디지털고,1,Female,97,69,98,python
23,Norman,구로고,3,Male,95,73,60,javascript
24,Rosamund,단지고,1,Female,86,79,100,""
25,Christopher,단지고,1,Male,67,65,66,""
26,Far,단지고,2,Male,67,70,95,""
27,Odele,구로고,4,Female,73,88,76,""
28,Artemas,구로고,2,Male,77,68,59,javascript
29,Georgina,단지고,1,Female,100,80,93,javascript
30,Ingeborg,디지털고,4,Female,66,58,62,C
31,Tove,디지털고,3,Female,57,55,88,C
32,Leela,디지털고,1,Female,53,54,95,C
33,Else,구로고,4,Female,86,92,80,""
34,Madlen,구로고,1,Female,67,66,97,javascript
35,Brenda,단지고,2,Female,56,87,83,Java
36,Lovell,구로고,3,Male,88,84,59,Java
37,Jarred,구로고,3,Male,88,66,75,""
38,Claus,구로고,2,Male,97,83,53,python
39,Vinnie,구로고,4,Female,100,74,88,""
40,Therese,구로고,4,Female,65,77,87,Java
41,Miguelita,단지고,4,Female,93,71,92,python
42,Ursala,디지털고,4,Female,65,76,52,javascript
43,Agosto,디지털고,4,Male,84,87,87,python
44,Peirce,단지고,3,Male,79,69,82,C
45,Susanna,단지고,2,Female,71,82,56,C
46,Lilllie,디지털고,2,Female,93,73,83,javascript
47,Christopher,구로고,2,Male,87,96,87,python
48,Peria,디지털고,2,Female,53,97,96,python
49,Stanwood,단지고,3,Male,68,73,79,""
50,Florella,단지고,1,Female,77,58,74,Java
51,Iormina,디지털고,4,Female,100,60,85,javascript
52,Shirline,구로고,3,Female,95,71,54,javascript
53,Orlan,디지털고,2,Male,96,91,69,python
54,Alley,디지털고,1,Male,95,83,50,Java
55,Thornton,단지고,4,Male,58,71,66,python
56,Griffith,단지고,4,Male,55,94,98,python
57,Ferrell,단지고,2,Male,51,91,71,javascript
58,Layton,디지털고,4,Male,92,75,62,C
59,Craggy,구로고,3,Male,69,53,56,python
60,Osborn,단지고,3,Male,50,89,71,python
61,Trstram,단지고,3,Male,74,63,97,javascript
62,Simona,구로고,4,Female,61,63,90,javascript
63,Dreddy,구로고,1,Female,95,74,87,python
64,Hodge,디지털고,1,Male,81,75,99,""
65,Darius,단지고,2,Male,89,63,64,C
66,Evangelia,단지고,2,Female,100,79,67,Java
67,Bobby,디지털고,2,Male,90,90,87,python
68,Lazaro,디지털고,2,Male,56,68,63,python
69,Barbi,구로고,4,Female,57,52,89,Java
70,Mareah,구로고,1,Female,88,84,71,Java
71,Kippie,단지고,4,Male,71,71,56,Java
72,Hart,단지고,4,Male,54,97,96,""
73,Skell,단지고,4,Male,95,80,97,javascript
74,Estell,단지고,1,Female,61,91,61,""
75,Ira,디지털고,2,Male,68,88,56,Java
76,Yasmeen,구로고,3,Female,83,56,86,C
77,Anastasie,단지고,2,Female,81,65,82,""
78,Brnaba,단지고,2,Male,74,59,86,Java
79,Sherwood,디지털고,3,Male,69,90,88,C
80,Donn,구로고,3,Male,100,63,51,javascript
81,Archaimbaud,디지털고,4,Male,100,50,60,C
82,Bili,단지고,4,Female,81,91,99,C
83,Gasparo,디지털고,2,Male,88,77,99,python
84,Nixie,디지털고,1,Female,69,98,95,python
85,Tanny,구로고,3,Male,78,67,58,python
86,Anselm,구로고,1,Male,97,57,96,python
87,Joly,단지고,1,Female,86,86,95,C
88,Stoddard,디지털고,1,Female,79,91,96,python
89,Marnia,디지털고,4,Female,70,81,98,python
90,Judd,디지털고,4,Male,69,72,75,javascript
91,Vernen,구로고,1,Male,56,64,91,javascript
92,Tailor,구로고,3,Male,93,100,99,javascript
93,Nathaniel,디지털고,3,Male,63,98,75,""
94,Betteanne,구로고,3,Female,91,87,53,python
95,Idalina,구로고,4,Female,62,54,73,""
96,Brittani,단지고,2,Female,99,74,71,""
97,Sauveur,구로고,2,Male,100,52,57,python
98,Mil,구로고,2,Female,68,68,86,""
99,Felike,단지고,2,Male,91,73,74,C
100,Birgit,디지털고,1,Female,81,79,96,Java
101,Pearla,단지고,1,Female,59,82,64,Java
102,Stanislaw,단지고,2,Male,71,58,52,javascript
103,Ronnie,구로고,3,Male,50,90,51,python
104,Mitchael,디지털고,2,Male,83,74,76,Java
105,Gar,구로고,4,Male,88,92,92,Java
106,Griffie,구로고,1,Male,50,63,70,C
107,Othello,디지털고,2,Male,53,82,54,javascript
108,Hillary,단지고,4,Female,51,52,64,javascript
109,Trish,구로고,2,Female,64,81,76,javascript
110,Tannie,단지고,2,Male,81,69,71,""
111,Chryste,단지고,1,Female,90,89,81,""
112,Ida,구로고,3,Female,74,89,70,javascript
113,Catharine,단지고,3,Female,80,56,100,C
114,Thorn,구로고,2,Male,57,54,93,Java
115,Dody,구로고,1,Female,68,92,57,javascript
116,Adler,구로고,3,Male,56,50,89,Java
117,Chester,디지털고,2,Male,92,59,85,python
118,Had,단지고,4,Male,64,65,88,javascript
119,Norrie,단지고,4,Male,65,78,73,Java
120,Peri,구로고,1,Female,52,80,63,Java
121,Ingemar,구로고,3,Male,80,63,82,python
122,Korey,구로고,3,Male,82,60,88,Java
123,Val,디지털고,3,Male,60,66,62,Java
124,Francene,단지고,2,Female,76,57,71,Java
125,Jerrie,단지고,3,Female,55,89,90,javascript
126,Stephi,디지털고,4,Female,66,59,56,python
127,Jemmie,디지털고,3,Female,96,95,96,python
128,Pandora,디지털고,1,Female,65,88,100,C
129,Winnah,단지고,1,Female,99,94,61,javascript
130,Farra,디지털고,4,Female,98,86,54,Java
131,Ingeborg,단지고,1,Female,85,65,78,javascript
132,Melony,구로고,3,Female,89,77,89,python
133,Bevon,구로고,4,Male,75,90,77,C
134,Kirby,구로고,4,Female,82,53,79,""
135,Pamela,디지털고,4,Female,61,75,52,javascript
136,Marietta,단지고,2,Female,74,62,81,Java
137,Pansy,디지털고,2,Female,87,97,53,python
138,Wilden,디지털고,2,Male,58,97,65,python
139,Cyb,구로고,3,Female,98,70,62,javascript
140,Gretel,단지고,2,Female,62,90,78,""
141,Adriane,구로고,2,Female,100,61,72,C
142,Wilt,구로고,1,Male,100,93,51,""
143,Brand,디지털고,3,Male,94,54,97,python
144,Loraine,단지고,2,Female,53,76,80,""
145,Rey,디지털고,1,Male,60,67,59,C
146,Jorgan,구로고,4,Male,85,57,91,C
147,Justis,단지고,4,Male,80,77,80,python
148,Clive,구로고,4,Male,60,98,95,python
149,Lura,디지털고,3,Female,61,100,69,javascript
150,Giuseppe,단지고,3,Male,85,91,50,javascript
151,Kellen,구로고,4,Male,59,69,67,Java
152,Marcos,디지털고,2,Male,91,74,75,python
153,Sigmund,디지털고,4,Male,80,91,73,Java
154,Thom,단지고,2,Male,97,51,83,""
155,Leila,단지고,2,Female,71,90,77,""
156,Norene,단지고,2,Female,67,57,51,python
157,Melania,디지털고,4,Female,93,60,69,javascript
158,Brigitte,단지고,4,Female,57,61,58,Java
159,Lyndsay,구로고,2,Female,93,86,56,C
160,Rivkah,구로고,1,Female,59,64,73,""
161,Torin,구로고,3,Male,60,83,91,python
162,Maddy,구로고,3,Female,80,55,92,python
163,Bat,디지털고,3,Male,91,92,85,""
164,Bennett,구로고,3,Male,87,66,83,C
165,Milli,디지털고,3,Female,76,58,70,Java
166,Brander,단지고,4,Male,71,75,91,C
167,Gabbey,디지털고,2,Female,67,87,52,""
168,Evelina,구로고,3,Female,61,87,50,javascript
169,Stace,디지털고,4,Female,73,94,82,Java
170,Kean,디지털고,1,Male,75,70,56,javascript
171,Dorie,구로고,2,Male,68,69,68,python
172,Trip,단지고,3,Male,51,85,54,python
173,Lise,디지털고,2,Female,63,50,99,""
174,Robenia,구로고,3,Female,62,97,80,""
175,Alejoa,단지고,2,Male,74,70,69,Java
176,Leroy,디지털고,4,Male,71,100,58,""
177,Abbott,구로고,1,Male,67,89,57,Java
178,Boonie,단지고,2,Male,97,67,99,Java
179,Barny,디지털고,2,Male,56,73,85,C
180,Garald,구로고,2,Male,100,69,61,""
181,Sigismond,구로고,2,Male,84,65,97,Java
182,Creight,구로고,3,Male,88,68,80,C
183,Catherine,구로고,1,Female,59,58,100,""
184,Garvey,디지털고,3,Male,69,83,98,javascript
185,Doralynne,디지털고,4,Female,85,94,89,Java
186,Edsel,구로고,3,Male,58,96,94,""
187,Anthia,디지털고,4,Female,91,83,94,python
188,Marrilee,디지털고,2,Female,50,70,68,javascript
189,Hilton,구로고,1,Male,53,69,59,javascript
190,Franny,구로고,3,Female,60,83,79,python
191,Gwenora,디지털고,4,Female,86,60,68,""
192,Fanchette,디지털고,1,Female,81,74,59,C
193,Veriee,디지털고,4,Female,63,52,74,Java
194,Albertina,단지고,3,Female,90,61,72,""
195,Marc,단지고,1,Male,78,73,82,javascript
196,Lola,구로고,4,Female,97,54,96,""
197,Phillis,디지털고,4,Female,67,69,83,javascript
198,Happy,디지털고,1,Female,98,91,96,""
199,Lyndsey,단지고,3,Female,88,69,78,C
200,Gradeigh,디지털고,1,Male,80,92,63,javascript
201,Abbey,디지털고,3,Male,66,77,92,javascript
202,Gerrie,디지털고,3,Female,77,65,79,python
203,Edgardo,디지털고,2,Male,69,88,95,javascript
204,Teodoro,디지털고,1,Male,76,85,64,Java
205,Goddart,구로고,2,Male,62,71,58,Java
206,Avram,단지고,1,Male,53,100,72,C
207,Kacy,디지털고,4,Female,77,68,66,C
208,Iggie,디지털고,4,Male,57,71,82,C
209,Solly,디지털고,1,Male,71,59,99,""
210,Lodovico,구로고,4,Male,77,81,96,C
211,Sammie,디지털고,1,Male,75,87,80,Java
212,Shelia,구로고,1,Female,81,88,54,""
213,Barri,단지고,1,Male,85,70,97,python
214,Orelee,단지고,2,Female,91,62,89,C
215,Babb,구로고,2,Female,53,77,86,""
216,Janeva,디지털고,4,Female,65,86,87,Java
217,Dominique,디지털고,3,Male,74,60,77,javascript
218,Merrill,단지고,2,Female,93,83,90,""
219,Bobby,단지고,2,Male,75,82,65,""
220,Mervin,단지고,3,Male,61,53,94,javascript
221,Sutherlan,구로고,2,Male,82,92,65,python
222,Myrna,디지털고,4,Female,91,50,72,""
223,Ediva,단지고,3,Female,100,60,90,python
224,Jared,단지고,3,Male,71,62,72,""
225,Hurley,구로고,2,Male,63,88,88,Java
226,Iona,단지고,2,Female,90,91,69,Java
227,Kelci,단지고,4,Female,62,82,60,javascript
228,Garek,디지털고,4,Male,100,63,97,python
229,Cecil,디지털고,4,Male,80,88,89,""
230,Modestine,디지털고,2,Female,89,67,69,python
231,Jeremiah,디지털고,2,Male,56,98,97,C
232,Abbe,구로고,3,Female,76,72,76,javascript
233,Chere,구로고,3,Female,98,70,71,""
234,Davy,구로고,4,Male,81,82,85,javascript
235,Tim,단지고,4,Male,57,79,51,""
236,Marybelle,단지고,3,Female,96,83,63,python
237,Pooh,디지털고,2,Female,94,51,71,javascript
238,Elvina,구로고,4,Female,97,56,63,javascript
239,Lurleen,디지털고,2,Female,97,87,77,C
240,Kliment,단지고,3,Male,74,87,75,""
241,Cornell,구로고,3,Male,74,86,80,python
242,Marwin,단지고,4,Male,81,91,61,""
243,Shirleen,단지고,2,Female,95,95,61,python
244,Rayner,디지털고,2,Male,79,63,98,python
245,Brittaney,디지털고,3,Female,96,80,83,C
246,Anabella,구로고,1,Female,70,60,50,C
247,Bartie,구로고,2,Male,98,84,60,C
248,Sharon,단지고,2,Female,64,83,59,python
249,Tabb,디지털고,2,Male,63,88,88,""
250,Ingeborg,구로고,1,Female,55,61,68,python
251,Gideon,디지털고,2,Male,56,77,75,python
252,Jenni,단지고,2,Female,100,55,100,C
253,Micheline,구로고,3,Female,52,95,51,C
254,Nadia,구로고,4,Female,96,67,66,javascript
255,Chen,구로고,1,Male,55,53,92,C
256,Briggs,디지털고,3,Male,53,69,69,""
257,Sheridan,단지고,3,Male,74,64,69,""
258,Sandi,디지털고,1,Female,83,86,52,Java
259,Callida,단지고,1,Female,71,91,80,Java
260,Brier,디지털고,1,Female,67,56,57,Java
261,Della,구로고,1,Female,89,82,91,python
262,Claudius,디지털고,3,Male,98,90,60,""
263,Nedda,디지털고,2,Female,85,55,61,python
264,Carly,디지털고,2,Male,87,91,98,python
265,Wanids,단지고,1,Female,81,81,62,""
266,Mellisent,디지털고,3,Female,89,93,75,C
267,Antonella,단지고,4,Female,65,96,89,""
268,Kenna,구로고,4,Female,65,52,87,C
269,Christin,디지털고,4,Female,96,54,96,Java
270,Valeda,디지털고,1,Female,67,97,72,""
271,Kelly,구로고,2,Male,50,90,73,""
272,Anallise,디지털고,4,Female,67,98,71,python
273,Virginia,디지털고,2,Female,93,100,51,C
274,Valerye,디지털고,1,Female,69,54,50,C
275,Niles,단지고,4,Male,59,81,71,python
276,Astrid,구로고,1,Female,50,65,79,javascript
277,Iseabal,단지고,1,Female,96,97,93,python
278,Barret,디지털고,2,Male,89,97,59,Java
279,Shirline,디지털고,4,Female,59,56,91,javascript
280,Pepito,디지털고,4,Male,64,81,82,javascript
281,Deane,구로고,1,Male,88,64,65,C
282,Brennan,구로고,2,Male,90,86,89,javascript
283,Otto,단지고,4,Male,84,87,83,""
284,Drud,구로고,2,Male,58,81,96,C
285,Humfrid,단지고,1,Male,55,91,59,C
286,Nobie,디지털고,3,Male,87,88,95,javascript
287,Hillary,구로고,3,Female,60,66,88,javascript
288,Euphemia,구로고,4,Female,69,52,52,C
289,Thomasin,디지털고,2,Female,61,79,79,javascript
290,Andrej,구로고,2,Male,85,64,88,C
291,Annamaria,구로고,1,Female,51,79,75,C
292,Adrian,디지털고,1,Female,66,52,68,C
293,Sullivan,구로고,3,Male,75,94,58,javascript
294,Bambi,단지고,2,Female,93,96,76,Java
295,Ripley,단지고,3,Male,59,92,58,""
296,Johnny,구로고,4,Male,81,79,93,python
297,Rupert,구로고,2,Male,52,56,91,python
298,Clarence,구로고,4,Male,91,61,71,javascript
299,Helen-elizabeth,구로고,2,Female,77,58,73,""
300,Kevina,디지털고,4,Female,57,56,54,javascript
301,Cherilynn,단지고,1,Female,90,93,84,Java
302,Emmet,구로고,2,Male,77,75,54,""
303,Leonard,디지털고,1,Male,70,69,87,Java
304,Helenelizabeth,단지고,2,Female,66,99,62,Java
305,Lita,단지고,4,Female,97,83,80,C
306,Rory,디지털고,3,Female,50,98,84,C
307,Even,구로고,1,Male,95,82,85,C
308,Freeland,구로고,1,Male,89,62,73,python
309,Cleavland,구로고,2,Male,83,60,68,Java
310,Olenka,단지고,1,Female,74,83,98,""
311,Vernice,단지고,2,Female,76,52,96,C
312,Jamie,구로고,2,Male,50,76,63,python
313,Myer,구로고,3,Male,70,89,63,python
314,Sarine,디지털고,4,Female,69,71,81,C
315,Fleming,단지고,1,Male,60,60,100,""
316,Adria,구로고,3,Female,59,71,51,C
317,Babette,구로고,1,Female,61,63,53,""
318,Atlante,구로고,2,Female,97,98,94,Java
319,Rooney,단지고,4,Male,61,97,64,javascript
320,Job,구로고,4,Male,78,62,65,Java
321,Clyve,구로고,4,Male,68,75,91,Java
322,Nils,구로고,4,Male,77,63,95,javascript
323,Nicolai,구로고,1,Male,60,100,76,C
324,Una,구로고,4,Female,64,84,59,python
325,Scarlett,디지털고,3,Female,90,82,82,Java
326,Vivie,구로고,3,Female,58,83,63,python
327,Frederique,디지털고,3,Female,92,69,62,""
328,Clarie,구로고,4,Female,81,94,76,C
329,Hailey,디지털고,4,Male,78,74,50,python
330,Der,디지털고,4,Male,96,100,85,C
331,Suzanne,구로고,2,Female,94,90,99,python
332,Laird,디지털고,3,Male,54,50,74,C
333,Ange,단지고,2,Female,64,80,86,python
334,Bud,디지털고,2,Male,98,59,98,C
335,Mirelle,단지고,1,Female,73,58,97,javascript
336,Honor,구로고,3,Female,64,65,85,C
337,Susannah,단지고,2,Female,96,54,96,Java
338,Kathryne,단지고,3,Female,90,69,98,Java
339,Judy,디지털고,1,Female,59,71,79,C
340,Evaleen,단지고,1,Female,75,87,71,C
341,Rubi,디지털고,4,Female,69,87,79,C
342,Marielle,디지털고,4,Female,69,94,74,Java
343,Meaghan,구로고,1,Female,91,77,86,C
344,Orsa,구로고,3,Female,61,56,56,""
345,Merill,단지고,2,Male,93,54,93,C
346,Brynne,단지고,4,Female,87,66,52,Java
347,Irvin,구로고,4,Male,69,63,97,Java
348,Sutherland,단지고,1,Male,98,85,57,python
349,Giavani,구로고,3,Male,85,60,96,C
350,Chickie,구로고,3,Female,91,89,69,Java
351,Melonie,디지털고,3,Female,87,73,100,""
352,Uta,단지고,4,Female,51,64,70,""
353,Anatollo,디지털고,3,Male,96,62,96,javascript
354,Jocko,구로고,1,Male,77,76,92,javascript
355,Marie-jeanne,디지털고,1,Female,99,65,59,""
356,Sharona,디지털고,3,Female,67,74,78,javascript
357,Jerrilee,구로고,4,Female,60,95,74,javascript
358,Adorne,디지털고,4,Female,56,64,52,javascript
359,Avivah,디지털고,1,Female,67,87,87,python
360,Pammi,구로고,3,Female,72,61,86,Java
361,Grannie,구로고,1,Male,67,60,66,javascript
362,Pedro,구로고,4,Male,91,65,68,""
363,Marissa,단지고,2,Female,57,58,60,javascript
364,Henka,디지털고,4,Female,97,87,52,python
365,Ase,구로고,3,Male,84,77,92,""
366,Sonia,구로고,1,Female,59,52,56,""
367,Bee,단지고,3,Female,89,87,85,""
368,Hardy,단지고,4,Male,97,70,68,C
369,Gerhardt,디지털고,1,Male,57,56,80,python
370,Ashely,구로고,4,Female,57,62,81,""
371,Avis,단지고,4,Female,73,50,93,Java
372,Prissie,디지털고,1,Female,62,51,86,""
373,Jayme,구로고,3,Female,71,71,100,Java
374,Bobine,구로고,2,Female,59,96,74,""
375,Jillian,디지털고,4,Female,76,72,61,C
376,Kaye,디지털고,1,Female,77,79,90,python
377,Gwenora,단지고,1,Female,70,87,82,javascript
378,Lily,구로고,2,Female,50,51,89,python
379,Ethelred,디지털고,2,Male,52,90,62,Java
380,Corey,단지고,2,Male,91,59,66,""
381,Kenny,디지털고,4,Male,93,58,100,Java
382,Justis,단지고,2,Male,95,94,51,C
383,Valenka,단지고,2,Female,74,71,50,Java
384,Kin,단지고,4,Male,64,81,50,python
385,Tanhya,단지고,4,Female,62,86,79,javascript
386,Alejandro,구로고,1,Male,95,96,74,javascript
387,Bogey,구로고,2,Male,89,70,76,javascript
388,Pip,구로고,2,Male,77,81,98,python
389,Cooper,구로고,3,Male,56,77,96,""
390,Beilul,단지고,1,Female,97,69,94,python
391,Agatha,구로고,3,Female,84,66,64,Java
392,Emmott,구로고,1,Male,53,69,89,C
393,Sonni,단지고,4,Female,57,60,51,C
394,Rana,단지고,3,Female,74,59,68,javascript
395,Sisely,구로고,1,Female,85,59,59,Java
396,Hope,디지털고,3,Female,60,52,54,""
397,Ronni,구로고,1,Female,50,50,73,python
398,Valentine,디지털고,3,Female,71,75,88,""
399,Gianni,구로고,2,Male,93,100,95,C
400,Alexa,단지고,2,Female,51,60,100,Java
401,Torrin,단지고,3,Male,60,87,81,Java
402,Fenelia,디지털고,1,Female,91,74,87,C
403,Laurie,단지고,1,Female,69,99,90,javascript
404,Jacinthe,단지고,2,Female,59,81,54,C
405,Emmalee,구로고,3,Female,92,95,88,javascript
406,Emory,구로고,4,Male,97,57,98,javascript
407,Giorgi,디지털고,3,Male,67,71,57,javascript
408,Inness,디지털고,3,Male,85,90,66,C
409,Daile,구로고,1,Female,71,79,85,""
410,Aarika,단지고,3,Female,55,85,54,Java
411,George,디지털고,2,Male,67,99,77,python
412,Zaccaria,단지고,3,Male,100,64,81,C
413,Osmond,디지털고,2,Male,55,74,94,""
414,Marianna,구로고,2,Female,83,91,56,""
415,Suzann,디지털고,1,Female,53,82,89,javascript
416,Corney,단지고,2,Male,71,53,53,javascript
417,Alyce,구로고,3,Female,90,58,58,python
418,Willa,디지털고,4,Female,61,73,55,""
419,Alexei,구로고,2,Male,77,68,63,Java
420,Royce,구로고,3,Male,98,56,60,javascript
421,Even,디지털고,1,Male,86,86,82,Java
422,Lianna,단지고,2,Female,68,52,85,Java
423,Jo-ann,단지고,4,Female,74,76,82,python
424,Ogden,디지털고,1,Male,71,99,98,""
425,Evonne,디지털고,4,Female,70,78,69,C
426,Maddy,구로고,3,Male,65,95,59,javascript
427,Staci,구로고,1,Female,79,84,53,""
428,Aridatha,디지털고,3,Female,91,56,91,javascript
429,Jeanna,단지고,4,Female,71,79,88,C
430,Justina,디지털고,1,Female,95,72,59,javascript
431,Alikee,디지털고,4,Female,63,63,91,python
432,Catharine,구로고,1,Female,63,84,90,python
433,Lennard,단지고,4,Male,85,75,95,""
434,Nathaniel,구로고,3,Male,51,73,73,Java
435,Tobe,디지털고,3,Male,53,74,51,Java
436,Chip,단지고,2,Male,80,62,56,Java
437,Shannan,디지털고,4,Male,73,59,67,C
438,Elvyn,단지고,4,Male,89,60,62,Java
439,Burt,구로고,1,Male,85,50,70,""
440,Gleda,단지고,3,Female,83,83,71,python
441,Ninnette,단지고,1,Female,93,68,93,""
442,Jose,단지고,1,Male,100,65,51,""
443,Cherise,디지털고,3,Female,81,88,96,python
444,Agace,구로고,1,Female,61,82,66,""
445,Arlette,구로고,1,Female,73,59,57,C
446,Rosetta,구로고,2,Female,68,80,92,python
447,Arnie,단지고,1,Male,77,100,93,python
448,Quinn,구로고,3,Male,81,74,92,Java
449,Obadias,단지고,4,Male,88,50,91,C
450,Leonhard,단지고,2,Male,55,89,67,C
451,Mildrid,단지고,3,Female,99,59,66,C
452,Jeffy,디지털고,4,Male,75,92,64,Java
453,Desiree,단지고,2,Female,67,66,80,C
454,Renato,단지고,2,Male,93,91,100,""
455,Emilio,디지털고,3,Male,71,54,81,python
456,Celina,단지고,2,Female,85,62,67,""
457,Lillian,단지고,4,Female,64,71,79,C
458,Monro,단지고,1,Male,76,75,75,C
459,Dennis,디지털고,3,Male,57,96,69,""
460,Dedie,디지털고,4,Female,95,96,59,javascript
461,Pietro,디지털고,1,Male,70,50,89,Java
462,Rianon,디지털고,1,Female,89,58,79,python
463,Sonny,구로고,1,Male,59,72,61,Java
464,Dario,디지털고,4,Male,90,97,77,python
465,Willdon,단지고,1,Male,83,95,96,C
466,Stefano,단지고,4,Male,89,91,76,C
467,Bunni,디지털고,3,Female,96,82,80,Java
468,Douglas,디지털고,4,Male,60,69,95,Java
469,Dyann,단지고,3,Female,85,55,90,python
470,Marina,디지털고,2,Female,83,92,73,Java
471,Karyn,디지털고,4,Female,52,73,75,C
472,Jolene,단지고,1,Female,80,83,72,Java
473,Ara,디지털고,3,Male,96,65,81,javascript
474,Marlo,구로고,1,Female,90,94,72,Java
475,Dannel,구로고,4,Male,58,50,90,""
476,Grayce,구로고,1,Female,52,54,84,""
477,Paddie,구로고,4,Male,77,55,85,python
478,Twila,구로고,1,Female,90,75,62,C
479,Jamison,구로고,4,Male,79,96,60,""
480,Eben,단지고,4,Male,69,79,66,""
481,Darwin,단지고,3,Male,73,71,87,python
482,Tallia,디지털고,3,Female,59,66,52,""
483,Jervis,구로고,1,Male,68,89,69,""
484,Biron,디지털고,4,Male,64,73,72,C
485,Wenda,단지고,4,Female,89,65,93,""
486,Jethro,디지털고,2,Male,86,52,72,Java
487,Pablo,단지고,1,Male,73,76,87,javascript
488,Lynnell,디지털고,2,Female,73,83,50,python
489,Shirlene,단지고,4,Female,69,99,88,python
490,Constantia,단지고,1,Female,92,68,73,javascript
491,Patsy,단지고,4,Male,87,59,69,C
492,Morgan,디지털고,1,Male,54,57,88,Java
493,Mitchel,디지털고,3,Male,92,61,60,C
494,Gina,구로고,3,Female,67,83,97,javascript
495,Lewes,디지털고,2,Male,51,55,58,python
496,Skye,구로고,1,Male,76,50,66,python
497,Vin,디지털고,2,Male,57,99,99,C
498,Mal,단지고,4,Male,77,62,52,C
499,Nappie,단지고,4,Male,74,66,83,javascript
500,Hort,단지고,1,Male,75,88,86,javascript
501,Darren,디지털고,2,Male,96,89,52,Java
502,Milly,디지털고,3,Female,69,84,51,Java
503,Happy,구로고,3,Female,70,93,95,javascript
504,Drusilla,디지털고,2,Female,60,96,55,""
505,Devin,구로고,2,Female,73,77,95,C
506,Siward,디지털고,4,Male,78,86,55,javascript
507,Calvin,구로고,3,Male,99,79,67,javascript
508,Malena,단지고,4,Female,97,80,99,""
509,Helge,디지털고,1,Female,63,70,56,C
510,Corissa,단지고,2,Female,99,61,74,python
511,Estelle,구로고,2,Female,61,68,57,C
512,Harwilll,구로고,2,Male,96,86,52,""
513,Adam,구로고,1,Male,82,60,83,Java
514,Zuzana,디지털고,1,Female,55,80,65,C
515,Hali,단지고,2,Female,53,69,57,python
516,Morse,디지털고,4,Male,57,64,81,""
517,Glenna,단지고,2,Female,68,80,71,javascript
518,Grata,구로고,3,Female,70,51,70,C
519,Florance,구로고,3,Female,90,93,52,javascript
520,Frederick,구로고,3,Male,85,59,82,Java
521,Wallache,디지털고,4,Male,64,60,89,Java
522,Ted,단지고,1,Male,80,97,100,Java
523,Isac,단지고,3,Male,63,57,58,javascript
524,Philis,구로고,1,Female,98,79,99,C
525,Bride,디지털고,3,Female,60,97,82,C
526,Carmine,구로고,2,Male,51,80,93,javascript
527,Caspar,단지고,2,Male,54,70,98,python
528,Waylan,구로고,1,Male,55,50,99,C
529,Dulsea,디지털고,2,Female,65,62,90,""
530,Hephzibah,구로고,2,Female,84,92,64,C
531,Adriaens,단지고,3,Female,81,78,71,Java
532,Nananne,구로고,2,Female,60,97,83,javascript
533,Oralla,단지고,1,Female,77,90,79,javascript
534,Jojo,구로고,1,Female,60,64,72,python
535,Bruis,구로고,1,Male,60,89,89,javascript
536,Conrado,디지털고,1,Male,97,80,94,Java
537,Billie,구로고,2,Male,90,89,92,Java
538,Chic,단지고,2,Male,83,95,83,javascript
539,Tulley,단지고,1,Male,70,51,76,""
540,Xenia,디지털고,4,Female,74,71,77,Java
541,Maible,구로고,4,Female,80,68,92,""
542,Obediah,디지털고,2,Male,55,90,79,javascript
543,Florie,단지고,1,Female,89,92,59,""
544,Catlaina,구로고,4,Female,95,85,97,""
545,Fawnia,구로고,3,Female,60,59,53,Java
546,Warde,단지고,3,Male,54,50,64,python
547,Fritz,단지고,3,Male,96,72,76,Java
548,Melisenda,구로고,3,Female,88,59,91,C
549,Avictor,디지털고,3,Male,76,99,88,javascript
550,Salomo,구로고,3,Male,67,79,78,python
551,Olimpia,디지털고,4,Female,68,87,75,python
552,Kippie,단지고,1,Female,100,63,68,Java
553,Oran,구로고,1,Male,50,66,50,Java
554,Audie,구로고,4,Female,99,99,94,python
555,Pauli,단지고,4,Female,98,79,85,C
556,Teador,단지고,3,Male,80,85,58,javascript
557,Jecho,구로고,3,Male,58,56,59,python
558,Pail,디지털고,2,Male,58,71,71,javascript
559,Lissie,구로고,2,Female,73,57,73,javascript
560,Connor,단지고,4,Male,57,98,75,Java
561,Keven,구로고,2,Male,95,55,71,python
562,Bethena,디지털고,1,Female,84,95,94,javascript
563,Dirk,디지털고,3,Male,63,60,84,javascript
564,Mortie,구로고,2,Male,88,64,84,C
565,Jemie,디지털고,1,Female,80,52,80,""
566,Lyle,단지고,3,Male,50,84,62,""
567,Bucky,구로고,4,Male,89,87,80,Java
568,Valli,디지털고,2,Female,76,55,72,python
569,Anica,구로고,2,Female,74,96,66,""
570,Augie,단지고,2,Male,59,93,96,python
571,Conny,단지고,4,Female,79,77,83,""
572,Cullen,구로고,2,Male,59,64,87,python
573,Coletta,단지고,2,Female,58,83,88,javascript
574,Daryl,디지털고,1,Male,55,60,69,python
575,Mord,단지고,2,Male,75,80,89,C
576,Lindsy,단지고,3,Female,72,54,60,javascript
577,Rikki,단지고,1,Male,60,77,65,python
578,Ira,구로고,2,Male,74,70,88,javascript
579,Shir,구로고,4,Female,67,99,78,C
580,Ellwood,디지털고,2,Male,80,85,73,python
581,Rorie,구로고,2,Female,96,57,83,Java
582,Xenia,단지고,1,Female,59,87,79,""
583,Kent,디지털고,2,Male,51,85,51,""
584,Tess,단지고,4,Female,78,64,56,Java
585,Ward,디지털고,2,Male,88,64,77,""
586,Merilee,단지고,3,Female,56,51,72,C
587,Therese,디지털고,3,Female,97,63,57,""
588,Gayle,단지고,2,Male,70,92,87,C
589,Hedda,디지털고,1,Female,74,84,79,python
590,Arman,단지고,3,Male,59,90,60,Java
591,Isaiah,구로고,4,Male,50,90,87,Java
592,Susanna,디지털고,1,Female,54,61,84,C
593,Jamie,디지털고,3,Female,63,87,91,""
594,Daryn,구로고,3,Female,54,77,73,C
595,Marcelle,디지털고,4,Female,64,58,70,""
596,Nolly,디지털고,1,Male,95,85,73,python
597,Sigrid,디지털고,3,Female,95,100,52,python
598,Ericha,디지털고,3,Female,78,88,63,C
599,Devonne,디지털고,4,Female,84,63,60,""
600,Ralph,디지털고,4,Male,65,80,53,javascript
601,Mair,구로고,2,Female,76,98,79,C
602,Corliss,구로고,1,Female,89,67,53,javascript
603,Lin,구로고,1,Male,96,82,86,Java
604,Brigida,단지고,3,Female,66,64,96,python
605,Andres,디지털고,3,Male,59,96,58,C
606,Myrtia,디지털고,1,Female,51,51,92,C
607,Derrik,단지고,2,Male,77,64,76,Java
608,Jourdain,디지털고,3,Male,70,62,62,python
609,Margette,디지털고,2,Female,95,73,77,python
610,Dede,단지고,4,Female,64,82,78,Java
611,Reta,디지털고,3,Female,73,75,84,Java
612,Hetti,구로고,3,Female,73,61,71,C
613,Morna,단지고,3,Female,70,95,95,""
614,Tamqrah,디지털고,1,Female,74,68,99,""
615,Rancell,단지고,2,Male,58,78,74,javascript
616,Rayna,구로고,2,Female,77,100,99,javascript
617,Britt,디지털고,4,Male,63,55,76,python
618,Anatola,구로고,1,Female,100,55,74,Java
619,Garret,구로고,3,Male,85,71,79,C
620,Terence,단지고,3,Male,84,59,51,C
621,Agatha,구로고,2,Female,85,97,75,python
622,Dalton,디지털고,2,Male,78,83,52,python
623,Corrine,구로고,2,Female,66,81,81,python
624,Bink,구로고,3,Male,91,73,100,python
625,Debra,디지털고,2,Female,94,51,70,""
626,Alasdair,디지털고,4,Male,100,97,50,""
627,Mathe,단지고,3,Male,93,85,81,""
628,Eimile,단지고,4,Female,63,89,82,""
629,Susanna,단지고,3,Female,62,96,100,C
630,Natale,단지고,3,Male,65,83,66,python
631,Sadye,디지털고,2,Female,58,75,54,C
632,Reg,디지털고,4,Male,96,58,91,Java
633,Melita,단지고,3,Female,50,86,59,javascript
634,Kaine,디지털고,2,Male,88,96,51,python
635,Linda,디지털고,1,Female,95,75,75,C
636,Berke,구로고,3,Male,60,96,78,python
637,Emilia,디지털고,4,Female,90,93,78,""
638,Grissel,단지고,3,Female,74,93,68,""
639,Annice,구로고,1,Female,99,82,53,""
640,Danice,구로고,1,Female,100,90,91,""
641,Robbie,단지고,3,Female,73,50,75,""
642,Ogdon,디지털고,4,Male,79,63,91,C
643,Gisella,구로고,4,Female,60,86,75,""
644,Iseabal,디지털고,1,Female,70,82,62,""
645,Brittney,단지고,3,Female,80,98,90,python
646,Ailene,구로고,2,Female,92,78,51,""
647,Benny,디지털고,3,Male,68,74,96,javascript
648,Jud,디지털고,3,Male,62,84,78,javascript
649,Farlay,단지고,3,Male,59,72,76,C
650,Dorri,구로고,4,Female,68,61,62,""
651,Hurley,단지고,4,Male,75,71,84,""
652,Remington,구로고,2,Male,89,54,95,python
653,Sarena,구로고,4,Female,72,70,86,""
654,Jimmie,디지털고,2,Male,93,60,67,javascript
655,Abraham,구로고,4,Male,71,93,72,javascript
656,Pen,구로고,1,Male,57,91,98,""
657,Regan,구로고,4,Female,74,55,77,C
658,Yetty,디지털고,3,Female,74,82,97,C
659,Fern,디지털고,4,Female,51,74,64,javascript
660,Ximenes,디지털고,3,Male,99,80,98,Java
661,Bren,디지털고,4,Female,81,96,69,javascript
662,Ramon,구로고,4,Male,60,63,71,""
663,Elsi,디지털고,3,Female,80,99,96,javascript
664,Felicio,구로고,2,Male,61,89,79,Java
665,Welbie,구로고,2,Male,64,93,76,Java
666,Ruggiero,구로고,3,Male,61,83,72,Java
667,Gottfried,단지고,2,Male,100,50,61,C
668,Coreen,디지털고,3,Female,77,90,93,python
669,Franchot,디지털고,2,Male,84,58,72,Java
670,Olga,단지고,3,Female,98,70,62,C
671,Mayer,디지털고,2,Male,70,93,84,python
672,Perrine,디지털고,2,Female,67,97,79,javascript
673,Arnold,디지털고,2,Male,66,54,94,C
674,Eberto,구로고,4,Male,75,95,91,javascript
675,Uta,구로고,1,Female,90,66,71,Java
676,Janek,구로고,1,Male,86,66,81,""
677,Violetta,구로고,3,Female,95,67,69,C
678,Marna,구로고,4,Female,61,52,64,""
679,Ramsey,디지털고,4,Male,92,87,84,C
680,Celle,구로고,3,Female,89,71,87,C
681,Sylvan,디지털고,4,Male,86,60,73,python
682,Marylinda,단지고,4,Female,86,98,62,""
683,Biddy,구로고,4,Female,64,71,85,Java
684,Skelly,구로고,4,Male,71,84,53,javascript
685,Gerardo,디지털고,4,Male,89,97,100,""
686,Rhody,구로고,2,Female,94,59,83,python
687,Sapphire,디지털고,4,Female,57,56,81,javascript
688,Mason,단지고,3,Male,98,70,100,C
689,Humfrid,구로고,4,Male,90,90,89,javascript
690,Flint,단지고,1,Male,81,85,76,C
691,Rubin,단지고,3,Male,83,86,69,python
692,Esta,디지털고,1,Female,96,66,64,python
693,Emmeline,단지고,3,Female,98,57,78,javascript
694,Pebrook,디지털고,3,Male,68,75,65,javascript
695,Gar,디지털고,4,Male,58,50,79,javascript
696,Alli,디지털고,4,Female,73,97,82,python
697,Letisha,디지털고,3,Female,86,68,57,javascript
698,Laird,구로고,4,Male,91,66,78,python
699,Lucine,구로고,4,Female,67,80,91,""
700,Catharine,단지고,3,Female,64,70,55,C
701,Christoforo,단지고,1,Male,93,64,72,C
702,Tonye,구로고,4,Female,67,93,78,javascript
703,Lucila,구로고,1,Female,92,85,75,C
704,Jarvis,디지털고,4,Male,61,75,67,Java
705,Bathsheba,디지털고,3,Female,90,50,97,C
706,Birgitta,구로고,2,Female,88,64,76,""
707,Evita,구로고,2,Female,63,68,94,""
708,Fleurette,단지고,4,Female,90,80,79,C
709,Melvin,구로고,2,Male,95,88,52,python
710,Dianemarie,구로고,3,Female,70,76,60,C
711,Ruperta,디지털고,3,Female,93,88,82,C
712,Gordie,구로고,2,Male,81,63,55,""
713,Krissy,단지고,2,Female,91,83,82,Java
714,Bab,디지털고,1,Female,91,67,91,C
715,Alyosha,단지고,1,Male,74,86,65,Java
716,Consolata,단지고,3,Female,99,85,88,python
717,Venita,구로고,4,Female,75,93,99,python
718,Josey,디지털고,3,Female,84,99,75,Java
719,Sheilah,디지털고,2,Female,67,60,84,javascript
720,Luciana,단지고,4,Female,97,76,81,python
721,Pembroke,구로고,1,Male,95,81,62,""
722,Kacy,단지고,2,Female,75,80,77,python
723,Darcey,단지고,3,Female,79,100,69,javascript
724,Dyana,단지고,3,Female,54,85,62,""
725,Rhys,구로고,3,Male,81,77,92,javascript
726,Edik,디지털고,4,Male,87,71,74,Java
727,Linea,단지고,2,Female,72,56,62,javascript
728,Querida,단지고,2,Female,61,53,95,javascript
729,Lona,디지털고,1,Female,79,98,75,""
730,Lydie,디지털고,3,Female,97,60,53,""
731,Win,디지털고,4,Male,77,63,72,javascript
732,Hedwiga,디지털고,4,Female,98,53,79,C
733,Solly,단지고,3,Male,92,59,86,Java
734,Stacy,단지고,3,Female,77,87,82,""
735,Liana,구로고,2,Female,90,83,79,python
736,Val,구로고,4,Female,70,66,51,python
737,Ilka,단지고,4,Female,55,94,54,C
738,Berty,단지고,3,Female,82,57,85,python
739,Burtie,구로고,4,Male,57,50,98,""
740,Ula,단지고,4,Female,82,72,64,""
741,Shela,디지털고,4,Female,66,81,73,""
742,Kate,디지털고,3,Female,68,52,92,python
743,Russ,디지털고,1,Male,96,71,75,javascript
744,Annis,단지고,1,Female,79,100,59,Java
745,Hedwig,구로고,3,Female,56,70,77,javascript
746,Mariette,단지고,2,Female,85,59,78,""
747,Aguie,구로고,4,Male,97,100,99,Java
748,Benito,구로고,4,Male,66,64,50,Java
749,Wilfrid,디지털고,3,Male,85,88,85,javascript
750,Ethan,단지고,1,Male,66,94,58,C
751,Ynes,구로고,3,Female,96,63,64,python
752,Joachim,디지털고,2,Male,93,81,54,""
753,Rossie,구로고,2,Male,75,73,72,""
754,Frasquito,단지고,4,Male,68,82,90,python
755,Margarethe,단지고,3,Female,59,69,51,""
756,Daron,단지고,2,Male,83,61,53,C
757,Carmon,단지고,2,Female,90,90,57,C
758,Oralie,디지털고,1,Female,100,86,99,""
759,Ofelia,디지털고,2,Female,62,51,84,javascript
760,Dewain,단지고,3,Male,50,95,94,C
761,Ely,디지털고,4,Male,91,75,54,python
762,Ron,디지털고,1,Male,67,65,65,javascript
763,Brucie,디지털고,3,Male,68,89,88,C
764,Lief,디지털고,1,Male,51,57,55,C
765,Merwyn,구로고,2,Male,50,58,55,python
766,Dorian,디지털고,1,Male,82,96,86,Java
767,Armin,단지고,2,Male,94,66,62,""
768,Robena,구로고,2,Female,70,80,98,python
769,Edmon,단지고,2,Male,83,68,78,C
770,Christi,구로고,1,Female,67,64,90,Java
771,Ilyssa,단지고,3,Female,99,55,98,Java
772,Kim,단지고,2,Male,85,68,91,javascript
773,Francisco,디지털고,3,Male,73,79,62,javascript
774,Max,디지털고,4,Female,95,85,81,javascript
775,Austin,단지고,2,Male,52,64,62,Java
776,Thorin,구로고,1,Male,85,54,78,javascript
777,May,구로고,4,Female,83,83,84,python
778,Nara,단지고,1,Female,98,83,54,javascript
779,Jobie,단지고,1,Female,99,95,76,""
780,Penny,디지털고,3,Male,82,87,89,javascript
781,Aguie,구로고,2,Male,78,69,74,python
782,Lyman,구로고,3,Male,85,69,85,javascript
783,Carlene,단지고,1,Female,67,82,51,python
784,Arlee,단지고,1,Female,83,52,58,javascript
785,Talbert,구로고,4,Male,97,89,84,Java
786,Quintina,단지고,3,Female,94,67,62,""
787,Hodge,구로고,4,Male,61,89,61,Java
788,See,디지털고,2,Male,66,85,72,javascript
789,Blondie,구로고,2,Female,59,61,76,Java
790,Cly,단지고,1,Male,73,92,93,python
791,Ignazio,디지털고,3,Male,96,100,77,""
792,Diandra,단지고,2,Female,76,83,95,javascript
793,Jeffry,구로고,3,Male,54,69,50,Java
794,Kitti,구로고,2,Female,69,74,81,Java
795,Drake,구로고,2,Male,96,60,62,Java
796,Thekla,단지고,4,Female,66,77,86,javascript
797,Winfred,디지털고,4,Male,83,59,58,javascript
798,Patricio,단지고,4,Male,57,72,57,C
799,Bev,구로고,1,Female,64,93,83,python
800,Geordie,단지고,1,Male,64,64,98,C
801,Ancell,구로고,3,Male,63,99,85,python
802,Jinny,디지털고,4,Female,56,85,87,python
803,Kaitlynn,구로고,2,Female,51,98,79,C
804,Wallace,단지고,3,Male,77,89,75,C
805,Jackie,단지고,1,Female,58,70,70,Java
806,Darsey,단지고,4,Female,91,91,96,python
807,Callean,구로고,2,Male,69,53,58,python
808,Almeda,구로고,4,Female,58,72,93,python
809,Gabrila,디지털고,1,Female,86,77,79,python
810,Gilbertina,구로고,1,Female,72,71,78,C
811,Morse,구로고,2,Male,95,78,94,""
812,Simone,디지털고,3,Female,66,76,75,C
813,Josepha,구로고,2,Female,94,67,63,""
814,Alane,단지고,4,Female,81,59,96,javascript
815,Peyton,디지털고,2,Male,73,68,50,C
816,Brew,구로고,1,Male,53,97,53,""
817,Hector,구로고,4,Male,72,64,74,javascript
818,Ricard,구로고,4,Male,80,69,75,""
819,Maximilianus,구로고,2,Male,96,56,54,python
820,Sinclair,단지고,3,Male,61,63,74,python
821,Sanders,구로고,2,Male,81,77,72,C
822,Delly,구로고,3,Female,92,84,51,javascript
823,Almire,단지고,4,Female,60,86,51,""
824,Pennie,단지고,3,Male,99,59,85,python
825,Lucinda,단지고,1,Female,97,59,61,javascript
826,Ingram,단지고,4,Male,89,50,72,javascript
827,Buckie,디지털고,2,Male,79,71,74,C
828,Amelia,구로고,3,Female,77,68,99,C
829,Romonda,단지고,4,Female,68,97,62,javascript
830,Cordy,구로고,1,Female,80,98,59,Java
831,Yetty,단지고,1,Female,67,70,52,python
832,Josiah,디지털고,2,Male,85,85,55,C
833,Rube,단지고,3,Male,52,75,68,""
834,Bernie,디지털고,3,Female,99,81,50,python
835,Thorny,구로고,2,Male,50,67,78,Java
836,Cinderella,구로고,3,Female,71,56,69,C
837,Franny,구로고,4,Male,97,50,92,javascript
838,Kerstin,구로고,4,Female,72,94,94,javascript
839,Normy,디지털고,3,Male,75,95,65,javascript
840,Daphne,단지고,1,Female,100,90,62,javascript
841,Hewe,구로고,2,Male,79,58,82,""
842,Tiffanie,구로고,3,Female,82,77,91,python
843,Dene,구로고,1,Male,87,60,84,python
844,Morgan,디지털고,4,Male,66,65,92,javascript
845,Tanya,구로고,2,Female,87,81,73,python
846,Debby,단지고,3,Female,79,73,75,""
847,Oren,디지털고,4,Male,53,69,59,""
848,Mohandis,디지털고,4,Male,71,69,74,C
849,Melvin,디지털고,1,Male,96,81,64,python
850,Fanchette,구로고,4,Female,62,94,70,python
851,Bradan,구로고,2,Male,53,82,70,javascript
852,Hussein,단지고,2,Male,80,60,97,javascript
853,Catha,구로고,2,Female,57,84,66,python
854,Noellyn,단지고,2,Female,80,93,93,C
855,Jerrome,단지고,3,Male,85,77,78,C
856,Sarah,디지털고,2,Female,75,62,92,""
857,Andrei,디지털고,4,Female,57,87,87,Java
858,Hortense,단지고,2,Female,67,68,69,""
859,Trumaine,구로고,1,Male,52,92,53,python
860,Anastasie,디지털고,4,Female,89,78,54,Java
861,Katey,단지고,2,Female,91,58,71,javascript
862,Gunar,단지고,2,Male,84,67,95,Java
863,Gabey,구로고,1,Female,72,93,61,javascript
864,Salome,단지고,3,Female,98,50,98,C
865,Vicki,구로고,2,Female,84,65,50,python
866,Vinny,단지고,3,Female,87,96,61,C
867,Karna,단지고,3,Female,94,70,54,Java
868,Prince,단지고,2,Male,75,93,77,javascript
869,Kearney,디지털고,2,Male,81,87,63,javascript
870,Wylie,구로고,1,Male,58,64,71,javascript
871,Mile,단지고,2,Male,52,50,70,python
872,Francesco,구로고,1,Male,78,68,74,C
873,Colan,구로고,2,Male,74,71,86,""
874,Godiva,구로고,4,Female,98,54,55,javascript
875,Devon,구로고,4,Female,60,58,70,""
876,Dorey,구로고,3,Female,58,96,68,javascript
877,Nessy,단지고,4,Female,83,80,88,Java
878,Celinka,단지고,1,Female,87,92,61,Java
879,Netta,단지고,2,Female,90,52,99,C
880,Vladimir,단지고,2,Male,93,74,93,Java
881,Joseito,구로고,3,Male,94,97,68,python
882,Alan,단지고,2,Male,82,89,66,""
883,Royall,단지고,1,Male,68,98,86,Java
884,Hayley,구로고,2,Female,98,53,54,javascript
885,Herschel,구로고,3,Male,95,76,86,Java
886,Ari,단지고,4,Male,97,90,81,""
887,Taite,단지고,1,Male,94,77,91,""
888,Vicki,구로고,4,Female,98,67,86,C
889,Ronnica,디지털고,1,Female,64,97,72,Java
890,Clementia,디지털고,3,Female,70,67,56,Java
891,Webster,구로고,1,Male,90,55,92,python
892,Colly,구로고,4,Female,97,63,53,C
893,Winnah,디지털고,1,Female,99,52,96,Java
894,Saxe,단지고,3,Male,83,96,76,""
895,Jamey,구로고,4,Male,98,96,76,python
896,Franny,구로고,1,Male,75,93,72,C
897,Guenna,구로고,3,Female,66,97,58,python
898,Natale,구로고,2,Male,74,59,72,Java
899,Andeee,디지털고,2,Female,74,62,97,python
900,Hill,구로고,4,Male,60,99,77,""
901,Raphael,디지털고,1,Male,77,62,80,javascript
902,Nichols,디지털고,1,Male,75,71,52,Java
903,Cristal,디지털고,2,Female,53,71,79,javascript
904,Jessee,디지털고,4,Male,65,82,90,javascript
905,Sherye,디지털고,2,Female,83,92,54,python
906,Alanson,구로고,4,Male,76,95,61,Java
907,Kalli,단지고,3,Female,79,93,89,Java
908,Kerrill,구로고,3,Female,63,71,60,Java
909,Judye,디지털고,1,Female,62,65,91,javascript
910,Maiga,디지털고,1,Female,62,96,87,""
911,Dun,디지털고,1,Male,61,80,93,""
912,Lucas,디지털고,2,Male,80,57,93,""
913,Farlay,단지고,1,Male,78,60,60,""
914,Claretta,단지고,1,Female,60,88,78,""
915,Sterling,단지고,1,Male,79,70,83,Java
916,Terese,단지고,4,Female,50,52,69,Java
917,Worthington,단지고,4,Male,66,57,77,Java
918,Fabian,구로고,2,Male,79,50,93,""
919,Kitti,단지고,1,Female,88,84,52,python
920,Ashleigh,구로고,1,Female,94,90,53,python
921,Thaine,단지고,3,Male,70,61,73,javascript
922,Eachelle,단지고,3,Female,92,100,66,""
923,Bendite,구로고,4,Female,83,66,100,Java
924,Sibelle,구로고,3,Female,65,78,58,python
925,Paule,단지고,3,Female,62,98,80,Java
926,Hunfredo,디지털고,4,Male,64,57,98,javascript
927,Guthry,단지고,2,Male,79,54,59,""
928,Filmore,단지고,2,Male,98,78,95,python
929,Geoffry,구로고,4,Male,83,72,51,C
930,Alejandra,구로고,4,Female,89,97,77,Java
931,Cherise,구로고,4,Female,62,65,67,C
932,Willie,단지고,3,Male,99,76,89,""
933,Cammi,단지고,2,Female,80,90,92,javascript
934,Reginauld,구로고,2,Male,93,68,67,""
935,Alida,단지고,2,Female,91,99,60,""
936,Kirbie,단지고,2,Female,75,50,98,""
937,Annis,구로고,1,Female,83,59,84,""
938,Madeleine,단지고,2,Female,66,62,86,""
939,Theresita,디지털고,2,Female,89,82,62,javascript
940,Conchita,구로고,3,Female,68,66,86,C
941,Alena,구로고,4,Female,75,91,81,""
942,Reed,단지고,4,Male,76,85,59,python
943,Edgar,구로고,4,Male,68,91,76,C
944,Yves,단지고,1,Male,96,55,72,javascript
945,Vinson,구로고,4,Male,92,71,77,C
946,Tobi,구로고,4,Female,56,77,92,Java
947,Rae,구로고,4,Female,73,51,70,javascript
948,Currie,단지고,4,Male,76,94,60,python
949,Any,디지털고,1,Male,79,100,96,javascript
950,Dorelia,구로고,3,Female,86,65,96,javascript
951,Ricard,단지고,2,Male,96,93,66,python
952,Rodolfo,구로고,4,Male,98,80,77,""
953,Kelley,단지고,3,Male,70,69,52,""
954,Rene,디지털고,4,Female,86,64,92,""
955,Neale,디지털고,4,Male,50,50,77,Java
956,Indira,디지털고,4,Female,78,97,84,C
957,Calv,단지고,3,Male,87,50,92,Java
958,Alonso,구로고,3,Male,53,96,97,C
959,Patricio,단지고,1,Male,70,84,97,""
960,Dee,디지털고,4,Female,68,64,82,""
961,Tabina,구로고,3,Female,63,82,50,javascript
962,Luce,단지고,3,Female,94,100,81,C
963,Ario,단지고,2,Male,71,54,78,python
964,Broddie,단지고,4,Male,76,54,75,python
965,Liva,구로고,2,Female,93,53,100,python
966,Richard,구로고,3,Male,72,90,50,javascript
967,Carlene,단지고,2,Female,56,66,82,C
968,Craggie,구로고,1,Male,78,55,56,Java
969,Thedrick,디지털고,1,Male,55,73,82,python
970,Allen,단지고,4,Male,69,82,92,Java
971,Harcourt,단지고,3,Male,84,65,99,""
972,Jarvis,디지털고,1,Male,57,90,76,python
973,Philippa,구로고,1,Female,70,62,89,python
974,Karalynn,디지털고,4,Female,93,97,64,javascript
975,Brook,단지고,1,Female,54,80,94,C
976,Aili,구로고,2,Female,59,64,52,C
977,Daren,구로고,2,Male,61,61,84,""
978,Ines,단지고,2,Female,70,91,51,Java
979,Gaylord,구로고,2,Male,87,65,74,python
980,Duff,단지고,3,Male,88,58,79,""
981,Hastie,단지고,1,Male,51,86,89,""
982,Charil,구로고,2,Female,67,75,85,""
983,Pieter,구로고,4,Male,91,89,71,python
984,Manolo,디지털고,3,Male,95,67,82,python
985,Issie,단지고,3,Female,68,98,74,""
986,Marius,구로고,1,Male,98,89,66,C
987,Bamby,구로고,3,Female,50,94,60,python
988,Gregor,단지고,3,Male,58,62,85,Java
989,Patrick,단지고,3,Male,94,94,76,python
990,Benedetto,단지고,4,Male,68,71,68,""
991,Beryle,단지고,2,Female,86,50,74,python
992,Clarice,구로고,2,Female,62,90,90,Java
993,Oliver,구로고,2,Male,98,65,96,python
994,Arabella,디지털고,4,Female,87,66,67,""
995,Griff,구로고,4,Male,50,92,83,C
996,Harmon,단지고,3,Male,93,64,91,C
997,Gayler,디지털고,1,Male,59,54,89,python
998,Win,단지고,1,Male,86,59,93,C
999,Lynn,디지털고,4,Male,60,88,65,C
1000,Rayner,디지털고,2,Male,84,96,96,""
